sentenceid,speechno,language,_golden,subsidy_scale,subsidy_scale_gold,subsidy_scale_gold_reason,screener,sentence_text,pre_sentence,post_sentence
1,0,GR,TRUE,,-1,"Αυτή η δήλωση είναι κατά των επιδοτήσεων, διότι καταδικάζει την προηγούμενη παράταση των κρατικών ενισχύσεων για μη αποδοτικά ορυχεία και αναφέρει τη μείωση της ανταγωνιστικότητας ως αποτέλεσμα.",FALSE,"Ωστόσο, οι προηγούμενες νομοθεσίες για τη στήριξη των μη αποδοτικών ορυχείων αντί να τα βοηθήσουν να καταστούν κερδοφόρα ενθάρρυναν τη συνέχιση της σπατάλης και την έλλειψη ανταγωνιστικότητας.","Πρώτα, η πρόταση για τη χορήγηση λειτουργικών ενισχύσεων ή επενδύσεων προκειμένου να γίνουν τα ορυχεία ανταγωνιστικά. Υπήρχε ήδη μια παρόμοια διάταξη στον προηγούμενο κανονισμό σχετικά με τις ενισχύσεις για τον τομέα.","Τα ορυχεία επιχορήγηθηκαν με τη μάταιη ελπίδα της επίτευξης κερδοφορίας. Τώρα έχουμε να αντιμετωπίσουμε τις συνέπειες: πρέπει να επεκτείνουμε αυτό το ειδικό καθεστώς για την παραγωγή άνθρακα, διότι τα εν λόγω ορυχεία ούτε έχουν επιτύχει κερδοφορία, ούτε έχουν κλείσει."
2,0,GR,TRUE,,-1,Αυτή η φράση είναι μια γενική δήλωση που επικρίνει τις κρατικές ενισχύσεις.,FALSE,Κρατικές ενισχύσεις υπονομεύουν την ανταγωνιστικότητα.,Για αυτό  θεωρούμε ότι είναι απαραίτητη η σταδιακή κατάργηση των επιδοτήσεων. Το 2ο μέρος της πρότασής μας αναφέρεται αυτό το σημείο.,"Ως εκ τούτου, η συνθήκη περιέχει διατάξεις ασυμβίβαστες με ένα ευρύ φάσμα περιπτώσεων. Οι λειτουργικές ενισχύσεις μπορεί να επιτρέπονται μόνον εάν είναι πιθανό να έχουν θετικά αποτελέσματα."
3,0,GR,TRUE,,-1,Αυτή η δήλωση επικρίνει τις κρατικές ενισχύσεις και παραθέτει την ανάγκη να είναι ανταγωνιστικές αντί να στηρίζουν ζημιογόνες δραστηριοτήτες.,FALSE,Η μεταλλευτική βιομηχανία πρέπει να είναι ανταγωνιστική και επιδότηση της υπονομεύει αυτό το στόχο.,"Κυρία Πρόεδρε, κύριε Almunia, κυρίες και κύριοι, κανείς δεν αμφισβητεί το γεγονός ότι ο άνθρακας είναι ένα σημαντικό μέρος του ενεργειακού εφοδιασμού μας.",Το ερώτημα τώρα είναι αν το 2014 ή το 2018 είναι η κατάλληλη προθεσμία. Ο κ Rapkay προέβαλε μια σειρά έξυπνων επιχειρημάτων που δεν θα επαναλάβω.
4,0,GR,TRUE,,-1,Αυτή η δήλωση επιτίθεται στις επιδοτήσεις ως μη οικονομικά μη-βιώσιμες καθώς και περιβαλλοντικά ανεπιθύμητες.,FALSE,"
Πρέπει να θυμόμαστε ότι το να συνεχίσουμε να κρατάμε αυτά τα ασύμφορη ανθρακωρυχεία ανοικτά είναι ενάντια στο σκοπό αυτό.","Κυρία Πρόεδρε, κυρίες και κύριοι, το κόμμα μας δεν έχει καμία αντίρρηση για την επένδωση δημόσιων κεφαλαίων, με την προϋπόθεση ότι θα βοηθήσουν τη μετάβαση μας στην παραγωγικότητα και την κερδοφορία.","Στηρίζει μια βιομηχανία που δεν είναι βιώσιμη ούτε από οικονομική άποψη - αλλιώς δεν θα χρειάζονται επιδοτήσεις - ούτε από περιβαλλοντική απόψη. Όπως η κυρία in 't Veld τόνισε μόλις τώρα, για πολλές δεκαετίες η βιομηχανία άνθρακα έχει ζητήσει τη μετάβαση αυτή  να επεκταθεί, χωρίς ορατό τέλος."
5,0,GR,TRUE,,-1,Αυτή είναι μια σκεπτική (αρνητική) δήλωση για τη συνέχιση των επιδοτήσεων.,FALSE,"Υπό το πρίσμα αυτό, έχω σοβαρές αμφιβολίες σχετικά με την πρόθεση να επεκταθούν τώρα οι κρατικές επιχορηγήσεις για μη αποδοτικά ορυχεία άνθρακα.","Πρέπει να έχουμε ένα στόχο όταν πρόκειται για την αυτοκινητοβιομηχανία, τη μηχανολογική βιομηχανία και την ιατρική βιομηχανία. Για να είναι επιτυχής θα πρέπει να μεταρρυθμίσουμε την οικονομία μας για να μπορέσει να ανταποκριθεί στις απαιτήσεις του σύγχρονου ανταγωνισμού και της παγκόσμιας οικονομίας.","Αυτό θα σημαίνει ότι, σε κρατικό επίπεδο, θα δεσμεύονται τα χρήματα από επιχειρήσεις που δεν είναι κερδοφόρες και τελικά ούτε σε θέση να υποστηρίξουν θέσεις εργασίας."
6,0,GR,TRUE,,-1,Η δήλωση αυτή υποστηρίζει ότι η περαιτέρω επέκταση της κρατικής ενίσχυσης είναι ανεπιθύμητη και προωθεί τη λήξη τους νωρίτερα παρά αργότερα.,FALSE,"Κυρία Πρόεδρε, κύριε Almunia, θα πρέπει να καταπιούμε το πικρό χάπι τώρα, αντί να υπομείνουμε δεκαετίες περισσότερο της ασθένειας της μη ανταγωνιστικότητας. ",Χ,"Αυτός είναι ο λόγος που υποστηρίζω την πρόταση της Επιτροπής για τη σταδιακή κατάργηση των κρατικών ενισχύσεων, το 2014 για τα ορυχεία που δεν είναι ανταγωνιστικά από την εν λόγω ημερομηνία."
7,0,GR,TRUE,,-1,Η δήλωση αυτή αποτελεί μέρος ενός επιχειρήματος ότι ασύμφορα ορυχεία εμποδίζουν την κίνηση προς περισσότερη ανταγωνιστικότητα και ότι η συνέχιση των κρατικών ενισχύσεων απλώς καθυστερεί το αναπόφευκτο κλείσιμο των μη αποδοτικών ορυχείων.,FALSE,"Τα Ευρωπαϊκά ανθρακωρυχεία, αργά ή γρήγορα, θα πρέπει να προσαρμοστούν στην αλλαγή.",Παγκοσμιοποίηση σημαίνει ότι θα υπάρξουν σημαντικές πιέσεις στις τιμές άνθρακα.,Συνέχιση των κρατικών ενισχύσεων για  ορυχεία που δεν είναι κερδοφόρα μόνο επιβραδύνει τη διαδικασία αυτής της προσαρμογής και την ικανότητά μας να κάνουμε τις απαραίτητες αλλαγές.
8,0,GR,TRUE,,-1,Η δήλωση αυτή υποστηρίζει ότι η περαιτέρω επέκταση της κρατικής ενίσχυσης είναι ανεπιθύμητη και προωθεί τη λήξη τους νωρίτερα παρά αργότερα.,FALSE,Οι μη-κερδοφόρες βιομηχανίες δεν μπορούν να διατηρούνται με ένα μηχάνημα υποστήριξης για πάντα.,"Η παραγωγή θα μεταφέρθει σε χώρες όπου η εργασία είναι φθηνότερη και σε περιοχές της ΕΕ όπου ο άνθρακας παράγεται θα δείτε θέσεις εργασίας και εισόδημα να απομακρύνονται, καθώς τα ορυχεία δεν μπορούν πλέον να ανταποκριθούν στον ανταγωνισμό. Αν και αυτό είναι μια ανεπιθύμητη εξέλιξη, οι ενέργειες των αρχών δεν μπορούν να έρχονται σε σύγκρουση με τις βασικές αρχές της οικονομίας της αγοράς.",Πρέπει να θυμόμαστε ότι διαρθρωτικές αλλαγές σε αυτήν την κλίμακα θα έχουν αναπόφευκτα εκτεταμένες και δραματικές κοινωνικές συνέπειες.
9,0,GR,TRUE,,-1,Η δήλωση αυτή καταδικάζει την τεχνητή υποστήριξη  μη ανταγωνιστικών βιομηχανιών και υποστηρίζει τον τερματισμό των κρατικών ενισχύσεων νωρίτερα παρά αργότερα.,FALSE,"Θα ληφθούν μέτρα κάθετα αντίθετα με το πνεύμα του ανταγωνισμού και της αποδοτικότητας, εάν το Κοινοβούλιο επιτρέψει στα κράτη μέλη να σπαταλάμε δισεκατομμύρια σε ανθρακωρυχεία.","Παρ 'όλα τα ωραία λόγια για το κλίμα εγκρίνοντας την έκθεση αυτή, η Ευρώπη θα εξακολουθεί να είναι προσκολλημένη στο μαύρο παρελθόν της του άνθρακα. 
Στο πλαίσιο της στρατηγικής ""Ευρώπη 2020"", η ΕΕ θα ήθελε να κινηθεί γρήγορα προς ένα μέλλον χαμηλών εκπομπών που βασίζεται σε ανανεώσιμες μορφές ενέργειας.","Οι ισχύοντες κανόνες για τις ενισχύσεις θα έληγαν τον Δεκέμβριο, αλλά στις προτάσεις της Επιτροπής θα πρέπει να παραταθούν μέχρι το 2014. Η κατηόρα προς τον μαύρο άνθρακα εντείνεται από το γεγονός ότι το Κοινοβούλιο θέλει τους κανόνες σχετικά με τις ενισχύσεις που πρόκειται να επεκταθούν έως το 2018. Δύο χρόνια πριν οι ενισχύσεις από τα κράτη μέλη της ΕΕ προς τη βιομηχανία που παράγουν και χρησιμοποιούν λιθάνθρακα, δηλαδή, ανθρακίτη ήταν  2,9 δισεκατομμύρια ευρώ. Αυτό μόνο δείχνει ότι εξακολουθεί να υπάρχουν πολλές περισσότερες ενισχύσεις για τα ορυκτά καύσιμα από ό, τι υπάρχουν για τις ανανεώσιμες πηγές ενέργειας και αυτό παρά το γεγονός ότι οι στόχοι μας για το κλίμα καλούν για την ακριβώς αντίθετη πολιτική."
10,0,GR,TRUE,,-1,"Αυτή η δήλωση είναι κατά των επιδοτήσεων, επειδή υποστηρίζει την πρόταση της Επιτροπής για την κατάργησή τους από το 2014 παρά την επέκτασή τους έως το 2018 ή αργότερα.",FALSE,Πρέπει να στηρίξουμε την πρόταση της Επιτροπής.,"Θα σημαίνει επίσης ότι η μεταμόρφωση που χρειαζόμαστε, ώστε να γίνουμε πραγματικά ανταγωνιστικοί θα είναι πιο αργή. Αυτό θα σημαίνει ότι εμείς δεν αναπτυσσόμαστε σε άλλους τομείς και επίσης, ότι σε λίγα χρόνια άνθρωποι θα εξακολουθούν να απασχολούνται σε βιομηχανίες που δεν προσφέρουν μακροπρόθεσμη ασφάλεια και την ευκαιρία για τα προς το ζην, καθώς και οι περιφέρειες για τις οποίες τώρα μιλάμε θα εξακολουθούν να εξαρτώνται από την εξόρυξη άνθρακα από μη κερδοφόρα ανθρακωρυχεία.",Χ
11,0,GR,TRUE,,-1,"Αυτή η δήλωση είναι κατά των επιδοτήσεων, επειδή υποστηρίζει την πρόταση της Επιτροπής για την κατάργησή τους από το 2014 παρά την επέκτασή τους το 2018 ή αργότερα.",FALSE,Αυτά τα κεφάλαια δεν δαπανούνται για την ανάπτυξη βιώσιμων και ανταγωνιστικών βιομηχανιών για το μέλλον.,"
Υποστηρίζω την πρόταση της Επιτροπής για τη σταδιακή κατάργηση των κρατικών ενισχύσεων το 2014 για τα ορυχεία που δεν είναι ανταγωνιστικά από την εν λόγω ημερομηνία. Το κόστος της υποστήριξης μη ανταγωνιστικών θέσεων εργασίας είναι πολύ υψηλότερο από σχεδόν οποιοδήποτε άλλο τομέα.","
Ως εκ τούτου, πιστεύω ότι είναι σωστή η σταδιακή κατάργηση των κρατικών επιδοτήσεων για μη ανταγωνιστικά ορυχεία το 2014, και η επένδυση των χρημάτων που καθίστανται διαθέσιμα στον τομέα έρευνας & ανάπτυξης και στον τομέα  εκπαίδευσης &  κατάρτισης."
12,0,GR,TRUE,,-1,"Αυτή η δήλωση είναι κατά των επιδοτήσεων, επειδή υποστηρίζει την πρόταση της Επιτροπής για την κατάργησή τους από το 2014 παρά την επέκτασή τους έως το 2018 ή αργότερα.",FALSE,Αυτός είναι ο λόγος που το σχέδιο για τον τερματισμό των επιδοτήσεων από το 2014 είναι μια εξαιρετικά λογική πρόταση.,"Για το λόγο αυτό, συμφωνώ με την έρευνα εκτίμησης των επιπτώσεων. Σε αντίθετη περίπτωση, το αποτέλεσμα θα είναι να υπονομεύσουμε περαιτέρω ανταγωνιστικό περιβάλλον μας, κάτι που κανείς δεν θέλει.",
13,0,GR,TRUE,,-1,"Αυτή η δήλωση είναι κατά των επιδοτήσεων, επειδή υποστηρίζει την πρόταση της Επιτροπής για την κατάργησή τους από το 2014, παρά την επέκτασή τους το 2018 ή αργότερα.",FALSE,"Συνεπώς, η πρόταση μας εγκαθιστά μια σταδιακή μείωση των ενισχύσεων, με στόχο να  αφαιρεθούν εντελώς από το 2014.","Τέλος, το τελευταίο μου σημείο είναι ότι όταν ο στόχος της ενίσχυσης λειτουργίας είναι να συμβάλει σε μια μετάβαση προς το κλείσιμο των μη-ανταγωνιστικών ορυχείων, είναι σαφές ότι αυτό το κλείσιμο θα πρέπει να είναι τελικός στόχος μας. Τα στάδια πρέπει να καθορίζουν σαφώς το σχέδιο παύσης λειτουργίας, ενώ  το σχέδιο πρέπει επίσης να περιλαμβάνει το ποσοστό μείωσης των ενισχύσεων κατά τη διάρκεια της μεταβατικής περιόδου.","Έχοντας πει όλα αυτά, θα ήθελα να ευχαριστήσω και πάλι τον κ Rapkay και όλους όσοι συνέβαλαν στην έκθεση που εξετάζουμε."
14,0,GR,TRUE,,-1,"Αυτή η δήλωση είναι κατά των επιδοτήσεων, επειδή υποστηρίζει την πρόταση της Επιτροπής για την κατάργησή τους από το 2014 παρά την επέκτασή τους έως το 2018 ή αργότερα.",FALSE,"Για τους λόγους αυτούς, υποστηρίζουμε την πρόταση για σταδιακή κατάργηση των επιδοτήσεων ως το 2014, αλλά όχι για περισσότερο χρόνο.",Το σχέδιο που αναφέρεται στην πρόταση της Επιτροπής είναι καλά τεκμηριωμένο με στοιχεία. Αυτά τα στοιχεία περιγράφονται σαφώς  στην έρευνα επιπτώσεων.,"
Το σχέδιο για τον τερματισμό των προαναφερόμενων μη βιώσιμων ρυθμίσεων μέχρι το 2014 είναι ήδη ένας συμβιβασμός. Θα πρέπει να συμφωνήσουμε με αυτή την λογική πρόταση αντί να συνεχίζουμε να καθυστερούμε το αναπόφευκτο."
15,0,GR,TRUE,,0,"Αυτή η δήλωση είναι μια ουδέτερη αναφορά που δεν παίρνει θέση υπέρ ή κατά των επιδοτήσεων, της έκθεσης της Επιτροπής ή ένος χρονοδιάγραμματος για τη σταδιακή κατάργηση των κρατικών ενισχύσεων.",FALSE,Ήταν μια νέα συμφωνία.,"Υπάρχει το επιχείρημα ότι το καθεστώς κρατικών ενισχύσεων που εδραιώθηκε το 2002, το οποίο πρόκειται να λήξει, ήταν μια ρύθμιση για τη σταδιακή κατάργηση  της εξόρυξης άνθρακα. Αυτό δεν είναι εντελώς ακριβές.","Το ξέρω αυτό, επειδή ήμουν εκεί και ήμουν ο εισηγητής του Κοινοβουλίου το 2002. Επίσης εκεί ήταν πολλοί από τους συναδέλφους μου."
16,0,GR,TRUE,,0,"Αυτή η δήλωση είναι μια ουδέτερη αναφορά που δεν παίρνει θέση υπέρ ή κατά των επιδοτήσεων, της έκθεσης της Επιτροπής ή ένος χρονοδιάγραμματος για τη σταδιακή κατάργηση των κρατικών ενισχύσεων.",FALSE,Θα ήθελα να αναφερθώ σε τρία σημεία της έκθεσης.,"Ωστόσο, κατά την κατάρτιση του κανονισμού, πήραμε επίσης όλα τα διαθέσιμα στοιχεία υπόψη. Στην πρότασή μας για μια ρύθμιση, θα επιτρέπεται στα κράτη μέλη να χορηγούν πρόσθετη ενίσχυση λειτουργίας, αλλά σε αυτή την περίπτωση, με επίκεντρο το θέμα του χρονικού πλαισίου.","Πρώτον, η πρόταση για τη χορήγηση λειτουργικών ενισχύσεων ή επενδύσεων προκειμένου να γίνουν τα ορυχεία ανταγωνιστική. Υπήρχε ήδη μια παρόμοια διάταξη στον προηγούμενο κανονισμό σχετικά με τις ενισχύσεις στον τομέα."
17,0,GR,TRUE,,0,"Αυτή η δήλωση είναι μια ουδέτερη αναφορά που δεν παίρνει θέση υπέρ ή κατά των επιδοτήσεων, της έκθεσης της Επιτροπής ή ένος χρονοδιάγραμματος για τη σταδιακή κατάργηση των κρατικών ενισχύσεων.",FALSE,Πρέπει να λάβουμε υπόψη δύο επιπλέον ζητήματα.,"Ο στόχος της πρότασής μας είναι να διασφαλίσουμε ότι οι προθεσμίες αυτές τηρούνται άπαξ και δια παντός. Αυτή είναι μια στιγμή που, σε αντίθεση με το πλαίσιο στο οποίο γίνονταν συζητήσεις στο παρελθόν, θα πρέπει να λαμβάνεται υπόψη η ενίσχυση της εξόρυξης άνθρακα.","Η πρώτη είναι η πρόκληση της κλιματικής αλλαγής, την οποία έχουμε συζητήσει πολλές φορές και για την οποία η Ευρωπαϊκή Ένωση έχει πολύ συγκεκριμένους στόχους. Το δεύτερο ζήτημα είναι ο αντίκτυπος της κρίσης και ο προκύπτων δανεισμός των κρατικών προϋπολογισμών, σε εθνικό επίπεδο, καθώς αυτό θέτει ακόμη μεγαλύτερη πίεση στα δημόσια οικονομικά."
18,0,GR,TRUE,,0,"Αυτή η δήλωση είναι μια ουδέτερη αναφορά που δεν παίρνει θέση υπέρ ή κατά των επιδοτήσεων, της έκθεσης της Επιτροπής ή ένος χρονοδιάγραμματος για τη σταδιακή κατάργηση των κρατικών ενισχύσεων.",FALSE,Όπως γνωρίζετε -ο κ Kovacs αναφέρθηκε νωρίτερα - αυτός είναι ένας κανονισμός του Συμβουλίου.,"Υπάρχει επίσης μια συζήτηση στο Συμβούλιο, και εμείς θα περιμένουμε για τη συνεδρίαση του Συμβουλίου στις αρχές Δεκεμβρίου για να δούμε ποια είναι η θέση του Συμβουλίου. Βεβαίως υπήρξε μια συζήτηση στην Επιτροπή, και θα υπάρξει και άλλη.","Η γνώμη του Ευρωπαϊκού Κοινοβουλίου είναι πολύ σημαντική, αλλά η Συνθήκη ορίζει ότι,σε θέματα κρατικών ενισχύσεων ο κανονισμός είναι κανονισμός του Συμβουλίου. Το Συμβούλιο θα καθορίσει τη θέση του."
19,0,GR,TRUE,,0,"Αυτή η δήλωση είναι μια ουδέτερη αναφορά που δεν παίρνει θέση υπέρ ή κατά των επιδοτήσεων, της έκθεσης της Επιτροπής ή ένος χρονοδιάγραμματος για τη σταδιακή κατάργηση των κρατικών ενισχύσεων.",FALSE,Το Συμβούλιο θα καθορίσει τη θέση του.,"Η Συνθήκη ορίζει ότι, σε θέματα κρατικών ενισχύσεων, ο κανονισμός είναι κανονισμός του Συμβουλίου.","Αυτή τη στιγμή - κατά την τελευταία συνεδρίαση της Επιτροπής των Μόνιμων Αντιπροσώπων - η ομάδα εξέφρασε μια ξεκάθαρη θέση. Εκτός εάν το Συμβούλιο αποφασίσει ομόφωνα, η πρόταση της Επιτροπής δεν μπορεί να τροποποιηθεί νομικά."
20,0,GR,TRUE,,0,"Αυτή η δήλωση είναι μια ουδέτερη αναφορά, που επισημαίνονει τις δύο πλευρές της συζήτησης.",FALSE,Έχουμε όλοι εξετάσει τα επιχειρήματα τόσο υπέρ όσο και κατά της πρότασης για τη συνέχεια των επιδοτήσεων για τα ανθρακωρυχεία.,"Το κλείσιμο ανθρακωρυχείων μπορεί να έχει σημαντικές κοινωνικές επιπτώσεις. Την ίδια στιγμή, το κλείσιμο ορυχείων θα έχει επίσης σημαντικό αντίκτυπο στον τομέα της ενέργειας.","Ωστόσο, εμείς αποφασίζουμε και άποψή μας είναι ότι πρέπει να επιτύχουμε μια λεπτή ισορροπία μεταξύ της ανάγκης για ανταγωνιστικότητα και την ανάγκη να ελαχιστοποιήσουμε τις δυνητικά δυσμενείς κοινωνικοοικονομικές συνέπειες του κλεισίματος."
21,0,GR,TRUE,,0,"Αυτή η δήλωση είναι μια ουδέτερη αναφορά που δεν παίρνει θέση υπέρ ή κατά των επιδοτήσεων, της έκθεσης της Επιτροπής ή ένος χρονοδιάγραμματος για τη σταδιακή κατάργηση των κρατικών ενισχύσεων.",FALSE,Αυτό είναι τόσο αξιοθαύμαστο όσο και αξιοσημείωτο.,"Υπάρχουν καλοί λόγοι για τους οποίους εσείς και ο Πρόεδρος της Επιτροπής, κύριε Barroso, λάβατε μέρος στη συζήτηση. Χαίρομαι που η Επιτροπή είναι σε θέση να συζητήσει θέματα τόσο ανοιχτά από άποψη ρυθμιστική.",Είμαστε πολύ ευγνώμονες για τη συμβολή σας.
22,0,GR,TRUE,,0,"Αυτή η δήλωση είναι μια ουδέτερη αναφορά που δεν παίρνει θέση υπέρ ή κατά των επιδοτήσεων, της έκθεσης της Επιτροπής ή ένος χρονοδιάγραμματος για τη σταδιακή κατάργηση των κρατικών ενισχύσεων.",FALSE,Θα ήθελα να παρουσιάσω μια διαφορετική προοπτική.,"Κυρία Πρόεδρε, έχουμε ήδη ακούσει τις απόψεις των συναδέλφων μου οι οποίοι τόνισαν πόσο σημαντικός είναι άνθρακας για την ενεργειακή ασφάλεια της ευρωπαϊκής οικονομίας.","Σε ορισμένες χώρες, υπάρχει μια αυξανόμενη ανησυχία για τις περιβαλλοντικές επιπτώσεις της χρήσης μη-ανανεώσιμων πηγών ενέργειας. Ταυτόχρονα, υπάρχει αυξανόμενη ανησυχία για τους κινδύνους της πυρηνικής ενέργειας."
23,0,GR,TRUE,,0,"Αυτή η δήλωση είναι μια ουδέτερη αναφορά που δεν παίρνει θέση υπέρ ή κατά των επιδοτήσεων, της έκθεσης της Επιτροπής ή ένος χρονοδιάγραμματος για τη σταδιακή κατάργηση των κρατικών ενισχύσεων.",FALSE,"Σε αυτό το πλαίσιο, θα ήθελα να συγχαρώ τον εισηγητή, κ Rapkay","Τέλος, έχει αναφερθεί η οικονομία του 21ου αιώνα. Πιστεύω ότι θα πρέπει να συμμετέχουμε σε αυτή την οικονομία αλλά ταυτόχρονα, θα πρέπει να επικεντρωθούμε στη διαφοροποίηση του σημερινού δυναμικού της.",
24,0,GR,TRUE,,0,"Αυτή η δήλωση είναι μια ουδέτερη αναφορά που δεν παίρνει θέση υπέρ ή κατά των επιδοτήσεων, της έκθεσης της Επιτροπής ή ένος χρονοδιάγραμματος για τη σταδιακή κατάργηση των κρατικών ενισχύσεων.",FALSE,Έχω μόνο ένα αίτημα από την Επιτροπή.,Το ερώτημα τώρα είναι αν το 2014 ή το 2018 είναι η κατάλληλη προθεσμία. Έχουμε ακούσει όλοι μια σειρά έξυπνων επιχειρημάτων που δεν θα επαναλάβω.,Το βάρος πέφτει τώρα σε μας να πάρουμε μια σωστή απόφαση. Ελπίζω ότι οι συνάδελφοί μου θα εξετάσουν τα θέματα πολύ προσεκτικά.
25,0,GR,TRUE,,0,"Αυτή η δήλωση είναι μια ουδέτερη αναφορά που δεν παίρνει θέση υπέρ ή κατά των επιδοτήσεων, της έκθεσης της Επιτροπής ή ένος χρονοδιάγραμματος για τη σταδιακή κατάργηση των κρατικών ενισχύσεων.",FALSE,Πρόκειται για έναν κανονισμό του Συμβουλίου.,"Θα ήθελα να ευχαριστήσω την ομάδα εργασίας για τις προσεκτικές προσπάθειές της, σε στενή συνεργασία με την ομάδα των  Χριστιανοδημοκρατικών.  Η διαδικασία εξακολουθεί να βασίζεται στον Κανονισμό 17 που χρονολογείται από το 1965.","Υπάρχει ένα παραθυράκι στη Συνθήκη της Λισαβόνας, η οποία σημαίνει ότι οι κανονισμοί βάσει του δικαίου του ανταγωνισμού δεν αποτελούν μέρος της διαδικασίας συναπόφασης του Ευρωπαϊκού Κοινοβουλίου. Ως εκ τούτου, χρειαζόμαστε τώρα - τουλάχιστον σε ό, τι αφορά τη δήλωση μας - μια ευρεία πλειοψηφία."
26,0,GR,TRUE,,0,"Αυτή η δήλωση είναι μια ουδέτερη αναφορά που δεν παίρνει θέση υπέρ ή κατά των επιδοτήσεων, της έκθεσης της Επιτροπής ή ένος χρονοδιάγραμματος για τη σταδιακή κατάργηση των κρατικών ενισχύσεων.",FALSE,"Κυρία Πρόεδρε, αυτό δεν είναι ένα απλό ζήτημα.",,"Επομένως, είναι σημαντικό για εμάς στο Κοινοβούλιο να δημιουργήσουμε μια καλά ισορροπημένη θέση. Υπάρχουν δύο κύριες πτυχές που πρέπει να ληφθούν υπόψη."
27,0,GR,TRUE,,0,"Αυτή η δήλωση είναι μια ουδέτερη αναφορά που δεν παίρνει θέση υπέρ ή κατά των επιδοτήσεων, της έκθεσης της Επιτροπής ή ένος χρονοδιάγραμματος για τη σταδιακή κατάργηση των κρατικών ενισχύσεων.",FALSE,Η συζήτηση επικεντρώθηκε σε τρία βασικά σημεία,Είναι εξαιρετικά σημαντικό όλες αυτές τις ευκαιρίες να αξιοποιηθούν πλήρως από τις εθνικές και περιφερειακές αρχές.  Επενδύσεις μεγάλης κλίμακας σε ενεργές πρωτοβουλίες για την αγορά εργασίας και εκτενή μέτρα περιβαλλοντικής αποκατάστασης είναι απαραίτητα ώστε το τελικό αποτέλεσμα να είναι αποδεκτό από τις περιοχές αυτές.,"Πρώτον, έχει προταθεί ότι τα ανθρακωρυχεία που γίνονται ανταγωνιστικά κατά τη διάρκεια της περιόδου αποκλεισμού θα πρέπει να μπορούν να συνεχίσουν να λειτουργούν. Κατά τη γνώμη μου, το θέμα αυτό απαιτεί πολύ προσεκτική εξέταση."
28,0,GR,TRUE,,0,"Αυτή η δήλωση είναι μια ουδέτερη αναφορά που δεν παίρνει θέση υπέρ ή κατά των επιδοτήσεων, της έκθεσης της Επιτροπής ή ένος χρονοδιάγραμματος για τη σταδιακή κατάργηση των κρατικών ενισχύσεων.",FALSE,"Έτσι, πρέπει να ψηφίσουν με τρόπο που εκφράζει τις απόψεις τους.",Έχουμε ζητήσει μια ξεχωριστή ψηφοφορία για τις τροπολογίες 25 και 27.,"Ό, τι και αν αποφασίσουμε εδώ σήμερα, θα πρέπει να στείλουμε ένα σαφές μήνυμα προς την Επιτροπή. Πρέπει να δείξουμε ότι το Κοινοβούλιο είναι σε θέση να εξετάζει το παρελθόν αλλά και να έχει το βλέμμα στραμμένο στο μέλλον."
29,0,GR,TRUE,,0,"Αυτή η δήλωση είναι μια ουδέτερη αναφορά που δεν παίρνει θέση υπέρ ή κατά των επιδοτήσεων, της έκθεσης της Επιτροπής ή ένος χρονοδιάγραμματος για τη σταδιακή κατάργηση των κρατικών ενισχύσεων.",FALSE,Το Συμβούλιο θα καθορίσει τη θέση του.,"Όπως αναφέρθηκε προηγουμένως, αυτός είναι ένας κανονισμός του Συμβουλίου. Η γνώμη του Ευρωπαϊκού Κοινοβουλίου είναι πολύ σημαντική, αλλά η Συνθήκη ορίζει ότι, σε θέματα κρατικών ενισχύσεων ο κανονισμός είναι κανονισμός του Συμβουλίου.",Αυτή τη στιγμή - κατά την τελευταία συνεδρίαση της Επιτροπής των Μόνιμων Αντιπροσώπων - συζητήσαμε διεξοδικά και σαφώς την μελέτη επιπτώσεων που βλέπετε μπροστά σας σήμερα.
30,0,GR,TRUE,,1,"Η δήλωση αυτή υποστηρίζει ότι οι κρατικές ενισχύσεις πρέπει να παραταθούν αντί να καταργηθούν σταδιακά μέχρι το 2014, σύμφωνα με την πρόταση της Επιτροπής.",FALSE,"Για τους λόγους αυτούς, η δικαιολογία για την επιτάχυνση του κλεισίματος είναι λάθος.","Το περιβαλλοντικό μας αποτύπωμα μας είναι πολύ χειρότερο με τον εισαγόμενο άνθρακα, διότι πρέπει να μεταφερθεί εδώ από τον Καναδά, την Αυστραλία ή άλλες περιοχές του κόσμου.","Ο περιορισμός της ικανότητάς μας να παράγουμε ευρωπαϊκό άνθρακα από τα ευρωπαϊκά ορυχεία θα οδηγήσει τελικά σε περισσότερη ρύπανση και μεγαλύτερη απελευθέρωση διοξειδίου του άνθρακα, όχι λιγότερη. Από αυτή την άποψη, οι απόψεις που εκφράζουν υποστήριξη για τη σταδιακής κατάργηση είναι εσφαλμένη."
31,0,GR,TRUE,,1,"Η δήλωση αυτή υποστηρίζει ότι οι κρατικές ενισχύσεις πρέπει να παραταθούν αντί να καταργηθούν σταδιακά μέχρι το 2014, σύμφωνα με την πρόταση της Επιτροπής.",FALSE,Μόνο κατά το τελικό στάδιο η Επιτροπή πρότεινε τη μη ρεαλιστική προθεσμία του 2014.,"Πριν υποκύψουμε σε πολιτικές πιέσεις υπέρ της εγκατάλειψης του άνθρακα σε τέτοιες περιπτώσεις, θα πρέπει να εξασφαλιστεί η διαφοροποίηση εναλλακτικών και ασφαλή ενεργειακών εφοδιασμών. Αυτοί είναι οι λόγοι για τους οποίους θα στηρίξουμε τους συμβιβασμούς που υποβλήθηκαν από την Επιτροπή Οικονομικής και Νομισματικής Πολιτικής και της Επιτροπής Βιομηχανίας, Έρευνας και Ενέργειας, όπου προτείναμε ότι ο κανονισμός δίνει τη δυνατότητα στους εθνικούς προϋπολογισμούς - οι οποίοι δεν είναι οι προϋπολογισμοί της ΕΕ - να διατηρήσουν τα ορυχεία σε χώρες όπου αυτό είναι απαραίτητο.","Απορρίπτουμε αυτή την αλλαγή και θα στηρίξουμε τη συνέχεια των κρατικών ενισχύσεων πέρα από την προθεσμία αυτή, πράγματι μέχρι το 2030 εάν απαιτείται."
32,0,GR,TRUE,,1,"Η δήλωση αυτή υποστηρίζει ότι οι κρατικές ενισχύσεις πρέπει να παραταθούν αντί να καταργηθούν σταδιακά μέχρι το 2014, σύμφωνα με την πρόταση της Επιτροπής.",FALSE,Πρέπει να συνεχίσουμε να παρέχουμε υποστήριξη όχι μόνο μέχρι το 2014 αλλά και περαιτέρω.,"Κυρία Πρόεδρε, δεν είναι μόνο δικαιολογημένο για εμάς να συνεχίσουμε να στηρίζουμε τη βιομηχανία άνθρακα, αλλά κατά τη γνώμη μου αυτό είναι επίσης απολύτως αναγκαίο.","Είναι καθήκον μας να προστατεύσουμε τους πολίτες της Ευρωπαϊκής Ένωσης από τις πολλές αρνητικές συνέπειες της παγκοσμιοποίησης. Αυτό περιλαμβάνει επίσης την προσφορά εργαζομένων σε βιομηχανίες που δεν είναι πλήρως ανταγωνιστικές στην παγκόσμια αγορά μακροπρόθεσμα, την επανεκπαίδευση τους για να μπορέσουν να αναλάβουν άλλες θέσεις εργασίας."
33,0,GR,TRUE,,1,"Αυτή η δήλωση είναι υπέρ των επιδοτήσεων, διότι αναφέρει τις αρνητικές οικονομικές συνέπειες σε περιοχές που έχουν πληγεί από την παύση λειτουργίας ορυχείων.",FALSE,"Η δραστική μείωση των επιδοτήσεων για την εξόρυξη άνθρακα τα τελευταία χρόνια είχε τρομερές, αρνητικές συνέπειες για πολλές περιοχές εξόρυξης.","Πρέπει να επιτρέψουμε στις περιοχές εξόρυξης να γίνουν σταδιακά λιγότερο εξαρτημένες από την εξορυκτική βιομηχανία, χωρίς η ευημερία τους να μειωθεί σημαντικά. Πρέπει να δοθεί μια ρεαλιστική και προοδευτική ευκαιρία να αναδιαρθρώσουν τις οικονομίες τους.",Πολλές περιοχές πιάστηκαν απροετοίμαστες από ταχείες αλλαγές πολιτικής. Σαν αποτέλεσμα έχει αυξηθεί περιφερειακές ανεργία και φτώχεια.
34,0,GR,TRUE,,1,"Η δήλωση αυτή υποστηρίζει ότι οι κρατικές ενισχύσεις  πρέπει να παραταθούν αντί να καταργηθούν σταδιακά μέχρι το 2014, σύμφωνα με την πρόταση της Επιτροπής.",FALSE,Η επιταχυμένη ημερομηνία του 2014 είναι μια μη ρεαλιστική προθεσμία για το κλείσιμο των ορυχείων,"Επιπλέον, οι εργαζόμενοι των ορυχείων και οι οικογένειές τους μπορούν να χάσουν την εμπιστοσύνη τους στην πολιτική διαδικασία εάν αποφάσεις όπως αυτές που τους επηρεάζουν άμεσα, γίνονται σε ακατάλληλη στιγμή. Πρέπει να εστιάσουμε την προσοχή μας ίσα και στις αραιοκατοικημένες περιοχές, οι οποίες θα υποφέρουν περισσότερο από κοινωνικο-οικονομική άποψη.","Από την άλλη πλευρά, η προθεσμία του 2020 που προτάθηκε συγκεκριμένα από την Επιτροπή Βιομηχανίας, Έρευνας και Ενέργειας θα πρέπει να επανεξεταστεί. Αυτός είναι ο λόγος που η παράταση της προθεσμίας το 2018 αποτελεί έναν καλό συμβιβασμό."
35,0,GR,TRUE,,1,"Αυτή είναι μια δήλωση υπέρ των επιδοτήσεων, διότι αναφέρει ότι τα μη αποδοτικά ορυχεία θα πρέπει να υποστηριχθούν καθώς η εγχώρια παραγωγή άνθρακα είναι απαραίτητη για την ενεργειακή ασφάλεια.",FALSE,"Οι επιδοτήσεις δεν αποτελούν μια γενική πορεία προς την ανταγωνιστικότητα, αλλά το να κάνουμε τον ευρωπαϊκό άνθρακα ανταγωνιστικό μέσω  επιχορηγήσεων έχει στρατηγική σημασία, πρώτα απ 'όλα, επειδή το 60% της ευρωπαϊκής ενέργειας εισάγεται και από το υπόλοιπο 40%, ένα μεγάλο ποσοστό είναι πυρηνική ενέργεια - την οποία η πλειοψηφία του Σώματος δεν υποστηρίζει - και, δεύτερον, λόγω των αυξήσεων των τιμών: η ευρωπαϊκή τιμή του άνθρακα κινείται όλο και πιο κοντά στη διεθνή τιμή άνθρακα. Από την άλλη πλευρά, η προθεσμία του 2020 που προτάθηκε συγκεκριμένα από την Επιτροπή Βιομηχανίας, Έρευνας και Ενέργειας θα πρέπει να επανεξεταστεί. Αυτός είναι ο λόγος που η παράταση της προθεσμίας το 2018 αποτελεί έναν καλό συμβιβασμό.","Κυρία Πρόεδρε, κύριε Επίτροπε, είναι κρίμα που το Κοινοβούλιο έχει δικαίωμα σε τίποτα περισσότερο από διαβουλεύσεις, όταν αυτό που συζητάμε είναι το μέλλον των 180 000 ευρωπαϊκών οικογενειών και μιας εγχώρια πηγή ενέργειας κατ 'εξοχήν της Ευρωπαϊκής Ένωσης.","Επιπλέον, θα ήθελα να σας ρωτήσω το εξής: τι είναι ανταγωνιστικός άνθρακας; Ρωτήστε τον εαυτό σας αν όλο τον άνθρακα που  εισάγει η Ευρωπαϊκή Ένωση περιλαμβάνει κόστη κοινωνικά και ασφάλειας των ορυχείων που περιλαμβάνονται στη τιμή του ευρωπαϊκού άνθρακα."
36,0,GR,TRUE,,1,Η δήλωση αυτή υποστηρίζει τη συνέχιση των επιδοτήσεων λόγω των θέσεων εργασίας που εξαρτώνται από τα μη αποδοτικά ορυχεία.,FALSE,Οι κρατικές ενισχύσεις για την ευρωπαϊκή βιομηχανία άνθρακα είναι απόλυτη αναγκαιότητα.,"Είναι ζωτικής σημασίας για την Ευρωπαϊκή Ένωση να καλύπτει το μεγαλύτερο μέρος των αναγκών της για άνθρακα από την εγχώρια παραγωγή. Εκτός εάν χορηγηθούν κρατικές ενισχύσεις, η παραγωγή θα μειωθεί κατά 25% με αποτέλεσμα εκατοντάδες χιλιάδες θέσεις εργασίας να χαθούν.",Πολλά ορυχεία είναι  μη ανταγωνιστικά μόνο λόγω του παρωχημένου τεχνικού εξοπλισμού τους. Κρατικές ενισχύσεις θα έπρεπε να επιτρέπουν οι εγκαταστάσεις αυτές να τροποποιηθούν ώστε να εξασφαλιστεί η ασφάλεια των θέσεων εργασίας.
37,0,GR,TRUE,,1,"Αυτή είναι μια δήλωση υπέρ των επιδοτήσεων, διότι αναφέρει ότι τα μη αποδοτικά ορυχεία θα πρέπει να υποστηριχθούν, καθώς η εγχώρια παραγωγή άνθρακα είναι απαραίτητη για την ενεργειακή ασφάλεια.",FALSE,Ο Ευρωπαϊκός άνθρακας είναι ασφαλής άνθρακας.,"Ενεργειακή μας εξάρτηση σημαίνει ότι μόνο ο άνθρακας μπορεί να εγγυηθεί τον ασφαλή εφοδιασμό μας ως εγχώρια πηγή ορυκτών καυσίμων. Θα πρέπει επίσης να εξετάσουμε τις μη ασφαλείς συνθήκες εργασίας σε πολλά ορυχεία που βρίσκονται εκτός της Ευρώπης, όπου η ζωή και η ασφάλεια των εργαζομένων τίθεται σε κίνδυνο.","Επιπλέον, ο ευρωπαϊκός άνθρακας είναι καθαρός. Ως εκ τούτου, στις τροπολογίες για την έκθεση Rapkay ζητούμε την επ 'αόριστον παράταση της ενίσχυσης δαπανών που σχετίζονται με τη δέσμευση των εκπομπών διοξειδίου του άνθρακα."
38,0,GR,TRUE,,1,"Αυτό υποστηρίζει τις κρατικές ενισχύσεις για τα ορυχεία, επειδή θα μπορούσε να γίνει για να είναι επικερδής για μια ακόμη φορά.",FALSE,"Στόχος μας πρέπει να είναι η στήριξη των ορυχείων αυτών, με σκοπό να τα επιστρέψουμε στην κερδοφορία.","Κυρία Πρόεδρε, θα ήθελα να πω τρία πράγματα. Πρώτον, τα ορυχεία τα οποία δεν είναι κερδοφόρα αφορούν μόνο το 5% των ορυχείων στην Ευρωπαϊκή Ένωση.","Δεύτερον, θα πρέπει επίσης να εμποδίσουμε τις εισαγωγές επιδοτούμενου άνθρακα από το εξωτερικό. Τρίτον, θα πρέπει να αποφεύγεται κάθε παρεμβολή από λομπίστες."
39,0,GR,TRUE,,1,Η δήλωση αυτή υποστηρίζει τη συνέχιση των επιδοτήσεων λόγω των θέσεων εργασίας που εξαρτώνται από τα μη αποδοτικά ορυχεία.,FALSE,Το κλείσιμο των ορυχείων πριν από την πλήρη αξιοποίηση της κρατικής ενίσχυσης για την ελαχιστοποίηση του κόστους μετάβασης θα οδηγήσει σε εξαιρετικά σοβαρά κοινωνικά προβλήματα.,"Πρέπει να παρατείνουμε περισσότερο την προθεσμία για το κλείσιμο των μη ανταγωνιστικών ορυχείων, καθώς η πλειοψηφία του πληθυσμού στις περιοχές εξόρυξης απασχολούνται από την εξόρυξη. Είναι απολύτως απαραίτητο να γίνουν σχέδια για επαγγελματική επανακατάρτιση και κοινωνικο-οικονομική ανάκαμψη.","Κατά τη διάρκεια της τρέχουσας κρίσης, θα ήταν σκόπιμο επίσης να γίνουν αίτησει στα Ευρωπαϊκά Διαρθρωτικά Ταμεία, δεδομένης της κοινωνικής, οικονομικής και περιβαλλοντικής σημασίας για την Ευρωπαϊκή Ένωση."
40,0,GR,TRUE,,1,"Η δήλωση αυτή υποστηρίζει τη συνέχιση των επιδοτήσεων, διότι τα ευρωπαϊκά ορυχεία μπορούν να εγγυηθούν την ασφάλεια των εργαζομένων ενώ τα μη-ευρωπαϊκά ορυχεία δεν το κάνουν.",FALSE,Τί καλό είναι η ανταγωνιστικότητα όταν αγοράζεται εις βάρος της ζωής των ανθρακωρύχων;,"Μην ξεχνάτε πόσα ατυχήματα στα ορυχεία ακούμε στα μέσα ενημέρωσης. Εξόρυξη άνθρακα συμβαίνει σε όλο τον κόσμο, αλλά δυστυχώς τα πρότυπα ασφάλειας αλλού είναι πολύ χαμηλότερα σε σύγκριση με εκείνους στην Ευρώπη.","Οι συνέπειες μιας πρόωρης λήξης των επιδοτήσεων θα είναι για την ασφάλεια των εργαζομένων και τη ζωή των εργαζομένων. Για τους εργαζόμενους που πλήττονται, αυτό είναι ένα πάρα πολύ μεγάλο κόστος που καλούνται να πληρώσουν για μια οικονομική αρχή."
41,0,GR,TRUE,,1, «αυτή η ευκαιρία» της κατάστασης ζητά την παράταση των κρατικών ενισχύσεων  αντί την σταδιακή τους μείωση από το 2014 σύμφωνα με την πρόταση της Επιτροπής.,FALSE,"Μπορώ μόνο να πω Ναι, πρέπει να δώσουμε βοήθεια αυτή την ευκαιρία.","Ας μην υποκρινόμαστε ότι μπορούμε να αποφύγουμε αυτό το σημαντικό ζήτημα. Το ερώτημα είναι κατά πόσον ή όχι θα πρέπει να δώσουμε στις κρατικές ενισχύσεις την ευκαιρία να κάνουν τη διαφορά, χωρίς να προκληθεί αναστάτωση από απότομες κινήσεις.",Αυτή η περίοδος τετραετίας δεν αρκεί. Παρακαλώ πάρτε αυτό το μήνυμα πίσω στην Επιτροπή.
42,0,GR,TRUE,,1,"Η δήλωση αυτή υποστηρίζει ότι οι κρατικές ενισχύσεις  πρέπει να παραταθούν, αντί να καταργηθούν σταδιακά μέχρι το 2014 σύμφωνα με την πρόταση της Επιτροπής.",FALSE,"Κυρία Πρόεδρε, κύριε Rapkay, υπάρχουν αρκετά πειστικά επιχειρήματα εναντίον ενός τέτοιου μηχανισμού ταχείας λήξης των επιδοτήσεων.",χ,Αναφέρομαι κυρίως στις κοινωνικές και οικονομικές συνέπειες σε περιφερειακή κλίμακα. Είναι σημαντικό ότι ξοδεύουμε επιδοτήσεις για τη διευκόλυνση της σωστής παύσης λειτουργίας των ορυχείων: να εξασφαλιστεί ότι οι εν λόγω εργαζόμενοι θα μετεκπαιδευτούν και επαναπροσληφθούν σε άλλους τομείς της αγοράς εργασίας.
43,0,GR,TRUE,,1,Η δήλωση αυτή υποστηρίζει τη συνέχιση των επιδοτήσεων λόγω των θέσεων εργασίας που εξαρτώνται από τα μη αποδοτικά ορυχεία.,FALSE,"Για τις περιοχές που επηρεάζονται, κλείσιμο των ορυχείων σημαίνει και τέλος στην κύρια ασχολία τους.",Δεν λέμε ότι η ασύμφορη παραγωγή θα πρέπει να συνεχιστεί για πάντα. Αλλά πρέπει να θυμόμαστε ότι διαρθρωτικές αλλαγές σε αυτήν την κλίμακα θα έχουν αναπόφευκτα εκτεταμένες και δραματικές κοινωνικές συνέπειες.,"Αυτό αντικατοπτρίζεται στην ικανότητα των πόλεων να παρέχουν στους κατοίκους υπηρεσίες και την παρακμή ολόκληρων κοινοτήτων. Είναι προς το συμφέρον όλων, εάν μεγάλες κοινωνικές αλλαγές όπως αυτές που σχετίζονται με το σταδιακό κλείσιμο των ορυχείων λαμβάνουν χώρα με τα σωστά εργαλεία διαθέσιμα και με μια επαρκή μεταβατική περίοδο."
44,0,GR,TRUE,,1,Η δήλωση αυτή υποστηρίζει τη συνέχιση των επιδοτήσεων λόγω των θέσεων εργασίας που εξαρτώνται από τα μη αποδοτικά ορυχεία.,FALSE,Η τελευταίος και πιο σημαντικός λόγος είναι οι περισσότερες από 180.000 οικογένειες που θα μπορούσαν να επηρεαστούν.,"Δεν πρέπει να ξεχνάμε ότι, σε πολλές περιπτώσεις τα ορυχεία από τα οποία εισάγουμε άνθρακα δεν συμμορφώνονται με τα κοινωνικά δικαιώματα. Όσον αφορά την περιφερειακή αειφορία, σε πολλές περιπτώσεις, τα ορυχεία βρίσκονται σε αραιοκατοικημένες περιοχές που εξαρτώνται εξ ολοκλήρου από τη βιομηχανία για τη διατήρηση της περιοχής και διατρέχουμε τον κίνδυνο να μετατρέψουμε τα εδάφη μας σε ερήμους.","Στην περιοχή μου, οι άνθρωποι έχουν χτίσει τη ζωή τους γύρω από τη βιομηχανία άνθρακα. Ταχύ κλείσιμο θα καταστρέψει αυτές τις κοινότητες."
45,0,GR,TRUE,,-1,Η απάντηση σε αυτή τη δοκιμή πρόταση είναι συνεπής με τις ρητές οδηγίες.,TRUE,Αγνοήστε τα συμφραζόμενα και χαρακτηρίστε αυτή την πρόταση ως μια δήλωση κατά των επιδοτήσεων.,Δεν υπάρχει απολύτως καμία αναφορά σε αυτό στην μελέτη επιπτώσεων. Το μόνο πράγμα που θα μπορούσε να το εξηγήσει είναι ότι το 2014 είναι ακριβώς στα μισά του δρόμου μεταξύ του 2010 και του 2018. Πρέπει να είναι.αυτό.,"Κανένα από τα επιχειρήματα υπέρ της πρότασης αυτής μπορεί να ληφθεί σοβαρά υπόψη, διότι δεν είναι σωστά. Υπάρχει το επιχείρημα ότι το καθεστώς κρατικών ενισχύσεων που υιθετήθηκε το 2002, το οποίο πρόκειται να λήξει, ήταν μια ρύθμιση για τη σταδιακή κατάργηση  της εξόρυξης άνθρακα."
46,0,GR,TRUE,,-1,Η απάντηση σε αυτή τη δοκιμή πρόταση είναι συνεπής με τις ρητές οδηγίες.,TRUE,Αγνοήστε τα συμφραζόμενα και χαρακτηρίστε αυτή την πρόταση ως μια δήλωση κατά των επιδοτήσεων.,"Το μόνο επιχείρημα που έχει αναφερθεί και το οποίο, παρεμπιπτόντως, έρχεται σε αντίθεση με τη μελέτη επιπτώσεων της Επιτροπής που αρχικά φαινόταν να είναι υπέρ του 2018, ήταν ότι οι λόγοι περιβαλλοντικής πολιτικής που θα μπορούσε να διαδραματίσει ένα ρόλο εδώ. Θα ήθελα να τονίσω για άλλη μια φορά ότι δεν κάνει καμία διαφορά για το κλίμα αν καίμε εισαγόμενο ή εγχώριο άνθρακα.",Έτσι ερμήνευσα την αναφορά μόλις τώρα στην Επιτροπή που εξετάζει το θέμα και είμαι ευγνώμων για αυτό.
47,0,GR,TRUE,,1,Η απάντηση σε αυτή τη δοκιμή πρόταση είναι συνεπής με τις ρητές οδηγίες.,TRUE,Αγνοήστε τα συμφραζόμενα και χαρακτηρίστε αυτή την πρόταση ως μια δήλωση υπέρ των επιδοτήσεων.,Πρέπει να θυμόμαστε ότι η παγκόσμια αγορά άνθρακα αλλάζει μπροστά στα μάτια μας. Η ζήτηση για άνθρακα και η τιμή του άνθρακα αυξάνονται.,"Η απομάκρυνση από τον άνθρακα παρουσιάζει επίσης πολύ σοβαρά προβλήματα για την ενεργειακή ασφάλεια σε χώρες όπως η Πολωνία, οι οποίες παράγουν το 95% της ηλεκτρικής τους ενέργειας από άνθρακα. Η απομάκρυνση από τον άνθρακα σε τέτοιες καταστάσεις περιλαμβάνει μόνο μία εναλλακτική λύση - μια ακόμη μεγαλύτερη εξάρτηση από το φυσικό αέριο, το οποίο εισάγεται από μία μόνοκατεύθυνση."
48,0,GR,TRUE,,1,Η απάντηση σε αυτή τη δοκιμή πρόταση είναι συνεπής με τις ρητές οδηγίες.,TRUE,Αγνοήστε τα συμφραζόμενα και χαρακτηρίστε αυτή την πρόταση ως μια δήλωση υπέρ των επιδοτήσεων.,"Απορρίπτετε αυτή την ιδέα για τον ευρωπαϊκό άνθρακα; Όσο μακρύτερη είναι αυτή η περίοδος τόσο το καλύτερο, έτσι ώστε να μπορούμε να εισαγάγουμε καθαρές τεχνολογίες καύσης και αποθήκευσης που υπάρχουν ήδη στην Ευρωπαϊκή Ένωση.","Δεν πιστεύω ότι η απόρριψη της δυνατότητας για άνθρακα από την ΕΕ, όπως κάνετε, είναι φιλελευθερισμός: πιστεύω ότι είναι υποκρισία."
49,0,GR,TRUE,,0,Η απάντηση σε αυτή τη δοκιμή πρόταση είναι συνεπής με τις ρητές οδηγίες.,TRUE,Αγνοήστε τα συμφραζόμενα και χαρακτηρίστε αυτή την πρόταση ως μια ουδέτερη δήλωση ως προς της επιδοτήσεις.,Η Ευρωπαϊκή Επιτροπή προσπαθεί - με οποιοδήποτε τίμημα και τρόπο που δεν δικαιολογείται από την οικονομική λογική - να μειώσει την εξόρυξη άνθρακα.,Αναφέρομαι στο κόστος των εκπομπών. Πρόκειται για μια πολιτική που υπονομεύει τα οικονομικά θεμέλια εκείνων των χωρών στις οποίες το μεγαλύτερο ποσό ενέργειας που προέρχεται από τον άνθρακα.
50,0,GR,TRUE,,0,Η απάντηση σε αυτή τη δοκιμή πρόταση είναι συνεπής με τις ρητές οδηγίες.,TRUE,Αγνοήστε τα συμφραζόμενα και χαρακτηρίστε αυτή την πρόταση ως μια ουδέτερη δήλωση ως προς της επιδοτήσεις.,"Πιστεύω ότι η προσέγγισή μας σε αυτήν τη νέα στρατηγική δεν θα πρέπει να είναι η αύξηση της εξάρτησής μας από μία μόνο πηγή υδρογονανθράκων, αλλά για να αυξηθεί η οικονομική μας ανεξαρτησία. Τέλος, έχει αναφερθεί η οικονομία του 21ου αιώνα.","Σε αυτό το πλαίσιο, θα ήθελα να συγχαρώ τον εισηγητή, κ Rapkay"